CASUser;ProjectName
cas_gc_perfuser00069@yopmail.com;Performance Testing MCF3_20250714_143047
cas_gc_perfuser00070@yopmail.com;Performance Testing MCF3_20250714_143154
cas_gc_perfuser00071@yopmail.com;Performance Testing MCF3_20250714_143250
cas_gc_perfuser00072@yopmail.com;Performance Testing MCF3_20250714_143356
cas_gc_perfuser00069@yopmail.com;Performance Testing MCF3_20250714_143641
cas_gc_perfuser00070@yopmail.com;Performance Testing MCF3_20250714_143748
cas_gc_perfuser00071@yopmail.com;Performance Testing MCF3_20250714_143834
cas_gc_perfuser00072@yopmail.com;Performance Testing MCF3_20250714_144143
cas_gc_perfuser00069@yopmail.com;Performance Testing MCF3_20250714_144303
cas_gc_perfuser00071@yopmail.com;Performance Testing MCF3_20250714_144508
cas_gc_perfuser00069@yopmail.com;Performance Testing MCF3_20250714_144734
cas_gc_perfuser00070@yopmail.com;Performance Testing MCF3_20250714_144914
cas_gc_perfuser00071@yopmail.com;Performance Testing MCF3_20250714_145113
cas_gc_perfuser00069@yopmail.com;Performance Testing MCF3_20250714_145318
cas_gc_perfuser00070@yopmail.com;Performance Testing MCF3_20250714_145515
cas_gc_perfuser00071@yopmail.com;Performance Testing MCF3_20250714_145551
cas_gc_perfuser00072@yopmail.com;Performance Testing MCF3_20250714_145650
cas_gc_perfuser00071@yopmail.com;Performance Testing MCF3_20250714_150126
cas_gc_perfuser00069@yopmail.com;Performance Testing MCF3_20250714_150330
cas_gc_perfuser00070@yopmail.com;Performance Testing MCF3_20250714_150547
cas_gc_perfuser00071@yopmail.com;Performance Testing MCF3_20250714_150652
cas_gc_perfuser00072@yopmail.com;Performance Testing MCF3_20250714_150702
cas_gc_perfuser00070@yopmail.com;Performance Testing MCF3_20250714_151221
cas_gc_perfuser00071@yopmail.com;Performance Testing MCF3_20250714_151246
cas_gc_perfuser00072@yopmail.com;Performance Testing MCF3_20250714_151246
cas_gc_perfuser00069@yopmail.com;Performance Testing MCF3_20250714_151318
cas_gc_perfuser00071@yopmail.com;Performance Testing MCF3_20250714_151834
cas_gc_perfuser00071@yopmail.com;Performance Testing MCF3_20250714_152243
cas_gc_perfuser00070@yopmail.com;Performance Testing MCF3_20250714_152326
cas_gc_perfuser00069@yopmail.com;Performance Testing MCF3_20250714_152411
cas_gc_perfuser00070@yopmail.com;Performance Testing MCF3_20250714_152706
cas_gc_perfuser00071@yopmail.com;Performance Testing MCF3_20250714_152840
cas_gc_perfuser00072@yopmail.com;Performance Testing MCF3_20250714_152914
cas_gc_perfuser00069@yopmail.com;Performance Testing MCF3_20250714_152950