Username,ShareCode,PPONCode
48260@user.marketplace.team,CfT9dfjm,PJJL-1612-CMZP
17673@user.marketplace.team,g6ctmCcF,PRZB-6629-DZTJ
77877@user.marketplace.team,QTGTTnrm,PVWV-9689-JTRZ
51302@user.marketplace.team,WTNgcDJB,PHDQ-1311-CWTZ
78101@user.marketplace.team,RrQBNbRq,PJXZ-5822-XVXG
75289@user.marketplace.team,jRrKwMtc,PNZM-1716-YRMQ
11537@user.marketplace.team,DWFg7d9m,PWDC-2589-HNHP
25618@user.marketplace.team,Ghq8mkCD,PHGL-4527-CQQR
52741@user.marketplace.team,NDPm7jrD,PTYP-6746-HYBG
24022@user.marketplace.team,z68G78Hk,PHLW-5584-BDQJ
61629@user.marketplace.team,wkRFjjrF,PCTR-2722-HDPX
37346@user.marketplace.team,zDkPNMkd,PTGX-6193-JJTV
75933@user.marketplace.team,P6hf9jCR,PDJN-8384-TXDL
75480@user.marketplace.team,DRdHcNW6,PTNQ-8518-YZLZ
76694@user.marketplace.team,WNgTrBJR,PDTB-5251-NQNW
52324@user.marketplace.team,rN8wPKHf,PMTW-8726-XTRD
24203@user.marketplace.team,pJdzz9KJ,PTXC-4135-HLCY
14625@user.marketplace.team,qpwwCbTK,PXXV-5442-NXWT
57669@user.marketplace.team,gmBzktK6,PXLR-4678-YQZT
49291@user.marketplace.team,zQgbHjtn,PCHB-3245-TBMV
72682@user.marketplace.team,,
12616@user.marketplace.team,,
55951@user.marketplace.team,,
63577@user.marketplace.team,,
78117@user.marketplace.team,,
70277@user.marketplace.team,,
72924@user.marketplace.team,,
58364@user.marketplace.team,,
64494@user.marketplace.team,,
78202@user.marketplace.team,,
52600@user.marketplace.team,,
40370@user.marketplace.team,,
50329@user.marketplace.team,,
56947@user.marketplace.team,,
46856@user.marketplace.team,,
23720@user.marketplace.team,,
38874@user.marketplace.team,,
51818@user.marketplace.team,,
47276@user.marketplace.team,,
60126@user.marketplace.team,,
66582@user.marketplace.team,,
57870@user.marketplace.team,,
16179@user.marketplace.team,,
57303@user.marketplace.team,,
51845@user.marketplace.team,,
10758@user.marketplace.team,,
16191@user.marketplace.team,,
27567@user.marketplace.team,,
56813@user.marketplace.team,,
36772@user.marketplace.team,,
34447@user.marketplace.team,,
65709@user.marketplace.team,,
75246@user.marketplace.team,,
18064@user.marketplace.team,,
25010@user.marketplace.team,,
78001@user.marketplace.team,,
77229@user.marketplace.team,,
37535@user.marketplace.team,,
45805@user.marketplace.team,,
55716@user.marketplace.team,,
10828@user.marketplace.team,,
33082@user.marketplace.team,,
48045@user.marketplace.team,,
73264@user.marketplace.team,,
76937@user.marketplace.team,,
56960@user.marketplace.team,,
33634@user.marketplace.team,,
25748@user.marketplace.team,,
74199@user.marketplace.team,,
11359@user.marketplace.team,,
59221@user.marketplace.team,,
53100@user.marketplace.team,,
25163@user.marketplace.team,,
73583@user.marketplace.team,,
36592@user.marketplace.team,,
73178@user.marketplace.team,,
27556@user.marketplace.team,,
75828@user.marketplace.team,,
73279@user.marketplace.team,,
23042@user.marketplace.team,,
73894@user.marketplace.team,,
64707@user.marketplace.team,,
73298@user.marketplace.team,,
42454@user.marketplace.team,,
48913@user.marketplace.team,,
18322@user.marketplace.team,,
75574@user.marketplace.team,,
41835@user.marketplace.team,,
61323@user.marketplace.team,,
58850@user.marketplace.team,,
65216@user.marketplace.team,,
78646@user.marketplace.team,,
20878@user.marketplace.team,,
66588@user.marketplace.team,,
39585@user.marketplace.team,,
67280@user.marketplace.team,,
46664@user.marketplace.team,,
66456@user.marketplace.team,,
28892@user.marketplace.team,,
65936@user.marketplace.team,,
40569@user.marketplace.team,,
55949@user.marketplace.team,,
62512@user.marketplace.team,,
13183@user.marketplace.team,,
62641@user.marketplace.team,,
58414@user.marketplace.team,,
21016@user.marketplace.team,,
43280@user.marketplace.team,,
76584@user.marketplace.team,,
21434@user.marketplace.team,,
73738@user.marketplace.team,,
72839@user.marketplace.team,,
61423@user.marketplace.team,,
47689@user.marketplace.team,,
53695@user.marketplace.team,,
76788@user.marketplace.team,,
11787@user.marketplace.team,,
61493@user.marketplace.team,,
75202@user.marketplace.team,,
66156@user.marketplace.team,,
11237@user.marketplace.team,,
43023@user.marketplace.team,,
18565@user.marketplace.team,,
41639@user.marketplace.team,,
11197@user.marketplace.team,,
66110@user.marketplace.team,,
41142@user.marketplace.team,,
64206@user.marketplace.team,,
64666@user.marketplace.team,,
62985@user.marketplace.team,,
21824@user.marketplace.team,,
74350@user.marketplace.team,,
73842@user.marketplace.team,,
61086@user.marketplace.team,,
74522@user.marketplace.team,,
12790@user.marketplace.team,,
78520@user.marketplace.team,,
41214@user.marketplace.team,,
76462@user.marketplace.team,,
73237@user.marketplace.team,,
73184@user.marketplace.team,,
57673@user.marketplace.team,,
39814@user.marketplace.team,,
38391@user.marketplace.team,,
36941@user.marketplace.team,,
16975@user.marketplace.team,,
28788@user.marketplace.team,,
61613@user.marketplace.team,,
52899@user.marketplace.team,,
79565@user.marketplace.team,,
36840@user.marketplace.team,,
34084@user.marketplace.team,,
50231@user.marketplace.team,,
16962@user.marketplace.team,,
38182@user.marketplace.team,,
42448@user.marketplace.team,,
72602@user.marketplace.team,,
76598@user.marketplace.team,,
74674@user.marketplace.team,,
37649@user.marketplace.team,,
59521@user.marketplace.team,,
74282@user.marketplace.team,,
59119@user.marketplace.team,,
55862@user.marketplace.team,,
73804@user.marketplace.team,,
58587@user.marketplace.team,,
58119@user.marketplace.team,,
19977@user.marketplace.team,,
17644@user.marketplace.team,,
80044@user.marketplace.team,,
75899@user.marketplace.team,,
65300@user.marketplace.team,,
78133@user.marketplace.team,,
73199@user.marketplace.team,,
56895@user.marketplace.team,,
77470@user.marketplace.team,,
39079@user.marketplace.team,,
17567@user.marketplace.team,,
20720@user.marketplace.team,,
10532@user.marketplace.team,,
43685@user.marketplace.team,,
73161@user.marketplace.team,,
63129@user.marketplace.team,,
78396@user.marketplace.team,,
52341@user.marketplace.team,,
60548@user.marketplace.team,,
52539@user.marketplace.team,,
61802@user.marketplace.team,,
73794@user.marketplace.team,,
32637@user.marketplace.team,,
18473@user.marketplace.team,,
73596@user.marketplace.team,,
52448@user.marketplace.team,,
19941@user.marketplace.team,,
10534@user.marketplace.team,,
57231@user.marketplace.team,,
73664@user.marketplace.team,,
79600@user.marketplace.team,,
78347@user.marketplace.team,,
15893@user.marketplace.team,,
74811@user.marketplace.team,,
75597@user.marketplace.team,,
27312@user.marketplace.team,,
34288@user.marketplace.team,,
56430@user.marketplace.team,,
73681@user.marketplace.team,,
29345@user.marketplace.team,,
74394@user.marketplace.team,,
74268@user.marketplace.team,,
72622@user.marketplace.team,,
50898@user.marketplace.team,,
41885@user.marketplace.team,,
37186@user.marketplace.team,,
63183@user.marketplace.team,,
46935@user.marketplace.team,,
48667@user.marketplace.team,,
13318@user.marketplace.team,,
74922@user.marketplace.team,,
21132@user.marketplace.team,,
62427@user.marketplace.team,,
52579@user.marketplace.team,,
42192@user.marketplace.team,,
40674@user.marketplace.team,,
60033@user.marketplace.team,,
65258@user.marketplace.team,,
73380@user.marketplace.team,,
11564@user.marketplace.team,,
75095@user.marketplace.team,,
73593@user.marketplace.team,,
75689@user.marketplace.team,,
71935@user.marketplace.team,,
48443@user.marketplace.team,,
64988@user.marketplace.team,,
77185@user.marketplace.team,,
51350@user.marketplace.team,,
73710@user.marketplace.team,,
42682@user.marketplace.team,,
57692@user.marketplace.team,,
73597@user.marketplace.team,,
73807@user.marketplace.team,,
72770@user.marketplace.team,,
38142@user.marketplace.team,,
72853@user.marketplace.team,,
62731@user.marketplace.team,,
43614@user.marketplace.team,,
72907@user.marketplace.team,,
74880@user.marketplace.team,,
50180@user.marketplace.team,,
19556@user.marketplace.team,,
36775@user.marketplace.team,,
36932@user.marketplace.team,,
74307@user.marketplace.team,,
23309@user.marketplace.team,,
12795@user.marketplace.team,,
52924@user.marketplace.team,,
15195@user.marketplace.team,,
75256@user.marketplace.team,,
63502@user.marketplace.team,,
10709@user.marketplace.team,,
26732@user.marketplace.team,,
15572@user.marketplace.team,,
27761@user.marketplace.team,,
43649@user.marketplace.team,,
34678@user.marketplace.team,,
41722@user.marketplace.team,,
55343@user.marketplace.team,,
69726@user.marketplace.team,,
48209@user.marketplace.team,,
66355@user.marketplace.team,,
73246@user.marketplace.team,,
74331@user.marketplace.team,,
37378@user.marketplace.team,,
69237@user.marketplace.team,,
15842@user.marketplace.team,,
66206@user.marketplace.team,,
14875@user.marketplace.team,,
74468@user.marketplace.team,,
48294@user.marketplace.team,,
23862@user.marketplace.team,,
50752@user.marketplace.team,,
73188@user.marketplace.team,,
57794@user.marketplace.team,,
14788@user.marketplace.team,,
65566@user.marketplace.team,,
27732@user.marketplace.team,,
73531@user.marketplace.team,,
13998@user.marketplace.team,,
67671@user.marketplace.team,,
76997@user.marketplace.team,,
20763@user.marketplace.team,,
26596@user.marketplace.team,,
73399@user.marketplace.team,,
77852@user.marketplace.team,,
5a96c5feb41262c36bf88d16c5ffd4c4@example.gov.uk,,
303dedec591b8ba70e1e273f8c2d0a42@example.gov.uk,,
f434347e2c3b986723dfc411bbaafb90@example.gov.uk,,
828d495abc84afe3013ba3696493fbc5@example.gov.uk,,
8ba24e7a4b4d812db5f326740c1b342b@example.gov.uk,,
15af80a12ac802f7d26bed9c5d9fc2a8@example.gov.uk,,
5f714a390efc3b95af68c9b05c7fd269@example.gov.uk,,
7f3fb2ca6e7f1ae0c8db997cb6495533@example.gov.uk,,
4a9a26cf7ae16358801a546b837dc9f1@example.gov.uk,,
793657926012a31b4e610a8c13a47450@example.gov.uk,,
3d3d89d696a7513c230ce5bc0ca6f15e@example.gov.uk,,
0d1813177fed49dc763472b0a5643bf5@example.gov.uk,,
e2b2e1f73ff948369f67f638f4ff35cd@example.com,,
1bc6a8f9faf68fce1fea397161284ff6@example.gov.uk,,
889f79faf7259087ff916cc70cbfdf4f@example.gov.uk,,
3c9509a43baa86b027fa9361d47e7e3a@example.gov.uk,,
b4f415e1aa0bad86629109a414c9bde0@example.gov.uk,,
a06b94ed84fce721cde9cef521e8fa87@example.gov.uk,,
44f8229c397b0deee99e7b305b630fec@example.gov.uk,,
2d456c60b1b13b2c771f26321bad95f6@example.gov.uk,,
f54148c3d39e4776060b806963ad9c20@example.gov.uk,,
9923cc3a3828c8735e911a188479ad46@example.gov.uk,,
a41b410f93c0b64afcc3f430393517a0@example.gov.uk,,
168725ad028066cd01dbee39a64c8ad5@example.gov.uk,,
b6f55ca1e075159058ad46471a2a7040@example.gov.uk,,
c52fc52e5c2442d04b2e95a3d7d3c873@example.gov.uk,,
fddb4b203e5b40e70cfdf2b9b0ede6db@example.gov.uk,,
26ca4816a7952b133bf928c316ec21c7@example.gov.uk,,
2447b94bbd089fa42bad4312e99ca66f@example.gov.uk,,
3104a3874ae9139ba65f1bae00f07e16@example.gov.uk,,
67040508e2d9aea2b4305f0b395f8baa@example.gov.uk,,
c21ef7714d95c72f18bee4d75632f67f@example.gov.uk,,
0f9dfcc72a863ed825414d2f74aca8ab@example.gov.uk,,
c3acf6afbdf6b4e1050d683424d04b20@example.gov.uk,,
f03f1c8811c6df745a4eaef4c07e0946@example.gov.uk,,
6278081dac0db7e428f7886ed7c5f198@example.gov.uk,,
a75b0cabaed4059b628d3c607f91fa33@example.gov.uk,,
d0100ad3693d67ae339bd977803bee60@example.gov.uk,,
ac014cc0a5105d6ff2ee8f156e055a49@example.gov.uk,,
4c5b0f73ac2d6356d77b3faeb2793483@example.gov.uk,,
ae680455ab93be5aa5bfa1ad1fa264bc@example.gov.uk,,
e300db06d96f56405ebf19f190d71097@example.gov.uk,,
ff3918872b7394f68432d94109723f2c@example.gov.uk,,
1485cba1311829438393b8fdcd03b4ee@example.gov.uk,,
f923c41d39b02b3a3e0e92fa0efa053f@example.gov.uk,,
00ecbd4e6ab48cc4fce76d7d3117f6f4@example.gov.uk,,
0fbf3f9b989b802afabb2d4416916f0f@example.com,,
251d1950294a02dd0e052dbddd980416@example.gov.uk,,
6030f7662f74f6d7e4e547c00e4bae74@example.gov.uk,,
7fcd57e1f1404fa9d1fb7435abce54c2@example.gov.uk,,
bec98224ce433310c7daa1d03ba244e2@example.gov.uk,,
316b66809524156593a894428a832d51@example.gov.uk,,
be77ca169de112f9cb9d4a00d7dc5542@example.gov.uk,,
62a8b3b8c6d53b156c23d0d704a88e91@example.gov.uk,,
7b75643ef008f4654db2cfe3c4162297@example.gov.uk,,
ba7a37db0e69928f152304844ae6e1cf@example.gov.uk,,
b19aea2755828da591aa168513489934@example.gov.uk,,
c78dc41b431a814208f6fef1b75c113a@example.gov.uk,,
983a418137a3071d4c2fd5d274a8561d@example.gov.uk,,
64158800271ac0093f92f1f911051bcc@example.gov.uk,,
fbfe362766a03b7ead552abf36249ee7@example.gov.uk,,
f57e140b155329853d8c06c59b243de7@example.gov.uk,,
da628f0a0e953656c9440a91dbdd1c79@example.gov.uk,,
a7abcf1878a8740c5cd7e2dfaac85f9b@example.gov.uk,,
b9baf6edb6ef3236d5669846da1ad2ce@example.gov.uk,,
aa649be4fd75480e575d333c2ca7ab9b@example.gov.uk,,
3533cbaca2126fadceeb629311284f55@example.gov.uk,,
9350fceb47f3f495bcef6843df26d043@example.gov.uk,,
22f54be2d90db59b01aaeeeeaea89159@example.gov.uk,,
bd11aaf134736e4c065cdf42b8483ab9@example.gov.uk,,
df983e3b69277f06ac9e1b158f57a203@example.gov.uk,,
d2ebe4525c696a44a271ea9b16e55ca6@example.gov.uk,,
2f91d649cc9c79b028019cbb67147ff8@example.gov.uk,,
1c92b5af2ba8178506e2e544ce327ad6@example.gov.uk,,
7f734a1d783cc786c8e38613bd07fe6c@example.gov.uk,,
b3d64dd448708203c83e77f55f26c33a@example.gov.uk,,
a3a51c56808dc2aea28e4cce367f89bb@example.gov.uk,,
22572035d0f51993b8e0c1c46de0adf3@example.gov.uk,,
b5ad7da12b646229c3c26fbc7df19e60@example.gov.uk,,
54856d8d28eacc2ff274c365737d4587@example.gov.uk,,
8ec97c671fda45f48438f50bc6ef587f@example.gov.uk,,
c1f00a139ad50f33c5a71ecd03143e47@example.gov.uk,,
cdca873bdc7c9027e08130fe37da67b2@example.gov.uk,,
62d93ef51e42eb087c37a20944f9f117@example.gov.uk,,
7f9e137451f15499a93b7c744b8da22c@example.gov.uk,,
43aa49386c7ae29fe2fdef5f2c061a06@example.gov.uk,,
b0eccec24cbd91dbccbb910e518cd3bf@example.gov.uk,,
77395531980e5b833dab58900922dd1b@example.gov.uk,,
d7a92d85046031c57d9077e42fdc2a67@example.gov.uk,,
374cb92d7322720dfb00b074ae2fccd0@example.gov.uk,,
88e9970ec73140523cccedcbe6bac753@example.gov.uk,,
342512f1e334e984383b942082742a96@example.gov.uk,,
409b123dd4ad2be7edfa28dab31d8e63@example.gov.uk,,
219710743452da101fcdf658f1fdd0f7@example.gov.uk,,
6b8575ed01c50f97798a215c52eab207@example.gov.uk,,
dcdb173ecb3dfec402c519340fe86045@example.com,,
e3ef1eed26e3cb76c7e742bfab4ffae7@example.gov.uk,,
20a780250dc3b69f6e5acdf899c58674@example.gov.uk,,
e647314e8d7151e950d79f258654b823@example.gov.uk,,
7e3703cc9fafb0cae61af4815ad50dab@example.gov.uk,,
c93b37c147cda6918d679ea2ebac979c@example.gov.uk,,
689d92bb4700acf133a8576cd8ea5a69@example.gov.uk,,
9ff4aaf3afef3dc718e8221373dda74a@example.gov.uk,,
58b67dfc86c2970915f9ca315ad1baa1@example.gov.uk,,
d56f4c6ce1a0246390efd5864e228ea9@example.gov.uk,,
d54c2685addf8e57b7c1f15c4b77c9cc@example.gov.uk,,
bba032de7ca4c061f669c2f253019d3e@example.gov.uk,,
bea25aaccc99b2405d3165de592ef2b1@example.gov.uk,,
6fac37b5e582e8741af3316489e4019b@example.gov.uk,,
14b5b4132138e9927a92b8e0de14218e@example.gov.uk,,
c62bbcebb256bf0ad6ddb9ac25895569@example.gov.uk,,
bdd2d3081e298505bffd7345b17a6b68@example.gov.uk,,
66c656baf57a8d0354d9c4d87e5802f4@example.gov.uk,,
785b0aac130eb1ab4e0579f9e5df125c@example.gov.uk,,
fe5a7d749114e6e8603f829b33eff667@example.gov.uk,,
0c3f9c39b375cca0ef0fff64d804291f@example.gov.uk,,
37172e266b30bebf17021a72f10d87c7@example.gov.uk,,
7161618b8ece5b4f4196047550dece18@example.gov.uk,,
36b42ecc31dfeb05d6068e79523552c2@example.gov.uk,,
16b5540f49bfbd811d233d4be08281d2@example.com,,
10a0fad3ff312517d1bdaf4df02be19f@example.gov.uk,,
fb127fd7824029ed9bb2f54a5f8aa405@example.gov.uk,,
669426c0660ceb79da954b2c98cd7d19@example.gov.uk,,
cc2b398c9df71241c6fbcbe04ba0c6a8@example.gov.uk,,
e444ba324fa57b4e60e7329bfb439587@example.gov.uk,,
090ff8717d1f0e0fd0ced4ac2ffa1f5f@example.gov.uk,,
59576@user.marketplace.team,,
17635@user.marketplace.team,,
73554@user.marketplace.team,,
62803@user.marketplace.team,,
19034@user.marketplace.team,,
69917@user.marketplace.team,,
60606@user.marketplace.team,,
20445@user.marketplace.team,,
72765@user.marketplace.team,,
57012@user.marketplace.team,,
43379@user.marketplace.team,,
43933@user.marketplace.team,,
52964@user.marketplace.team,,
78405@user.marketplace.team,,
73716@user.marketplace.team,,
73021@user.marketplace.team,,
65547@user.marketplace.team,,
68554@user.marketplace.team,,
75545@user.marketplace.team,,
59450@user.marketplace.team,,
75378@user.marketplace.team,,
65079@user.marketplace.team,,
49120@user.marketplace.team,,
43198@user.marketplace.team,,
21945@user.marketplace.team,,
30886@user.marketplace.team,,
36920@user.marketplace.team,,
75180@user.marketplace.team,,
79613@user.marketplace.team,,
52520@user.marketplace.team,,
73820@user.marketplace.team,,
64525@user.marketplace.team,,
56401@user.marketplace.team,,
65349@user.marketplace.team,,
41689@user.marketplace.team,,
72695@user.marketplace.team,,
35023@user.marketplace.team,,
73043@user.marketplace.team,,
74499@user.marketplace.team,,
78458@user.marketplace.team,,
70787@user.marketplace.team,,
14888@user.marketplace.team,,
64646@user.marketplace.team,,
37954@user.marketplace.team,,
48735@user.marketplace.team,,
57062@user.marketplace.team,,
43106@user.marketplace.team,,
18031@user.marketplace.team,,
73050@user.marketplace.team,,
12829@user.marketplace.team,,
65976@user.marketplace.team,,
30996@user.marketplace.team,,
65789@user.marketplace.team,,
17097@user.marketplace.team,,
62924@user.marketplace.team,,
62118@user.marketplace.team,,
64593@user.marketplace.team,,
58741@user.marketplace.team,,
65947@user.marketplace.team,,
69663@user.marketplace.team,,
53146@user.marketplace.team,,
37228@user.marketplace.team,,
40481@user.marketplace.team,,
66511@user.marketplace.team,,
46622@user.marketplace.team,,
27563@user.marketplace.team,,
76236@user.marketplace.team,,
50089@user.marketplace.team,,
76020@user.marketplace.team,,
10739@user.marketplace.team,,
21381@user.marketplace.team,,
21787@user.marketplace.team,,
78182@user.marketplace.team,,
74487@user.marketplace.team,,
43115@user.marketplace.team,,
24470@user.marketplace.team,,
60648@user.marketplace.team,,
26622@user.marketplace.team,,
46184@user.marketplace.team,,
47833@user.marketplace.team,,
22188@user.marketplace.team,,
14628@user.marketplace.team,,
38589@user.marketplace.team,,
47249@user.marketplace.team,,
73051@user.marketplace.team,,
73435@user.marketplace.team,,
64900@user.marketplace.team,,
75557@user.marketplace.team,,
59071@user.marketplace.team,,
42505@user.marketplace.team,,
73649@user.marketplace.team,,
68046@user.marketplace.team,,
61008@user.marketplace.team,,
46398@user.marketplace.team,,
76661@user.marketplace.team,,
72714@user.marketplace.team,,
17177@user.marketplace.team,,
10371@user.marketplace.team,,
20942@user.marketplace.team,,
78489@user.marketplace.team,,
72625@user.marketplace.team,,
