username,password,name,jagpassword
cas_gc_perfuser00001@yopmail.com,Con1@Scatuser,CasPerfuser,Con1@Scatuser
cas_gc_perfuser00002@yopmail.com,Con1@Scatuser,CasPerfuser,Con1@Scatuser
cas_gc_perfuser00003@yopmail.com,Con1@Scatuser,CasPerfuser,Con1@Scatuser
cas_gc_perfuser00004@yopmail.com,Con1@Scatuser,CasPerfuser,Con1@Scatuser
cas_gc_perfuser00005@yopmail.com,Con1@Scatuser,CasPerfuser,Con1@Scatuser
cas_gc_perfuser00006@yopmail.com,Con1@Scatuser,CasPerfuser,Con1@Scatuser
cas_gc_perfuser00007@yopmail.com,Con1@Scatuser,CasPerfuser,Con1@Scatuser
cas_gc_perfuser00008@yopmail.com,Con1@Scatuser,CasPerfuser,Con1@Scatuser
cas_gc_perfuser00009@yopmail.com,Con1@Scatuser,CasPerfuser,Con1@Scatuser
cas_gc_perfuser00010@yopmail.com,Con1@Scatuser,CasPerfuser,Con1@Scatuser
cas_gc_perfuser00011@yopmail.com,Con1@Scatuser,CasPerfuser,Con1@Scatuser
cas_gc_perfuser00012@yopmail.com,Con1@Scatuser,CasPerfuser,Con1@Scatuser
cas_gc_perfuser00013@yopmail.com,Con1@Scatuser,CasPerfuser,Con1@Scatuser
cas_gc_perfuser00014@yopmail.com,Con1@Scatuser,CasPerfuser,Con1@Scatuser
cas_gc_perfuser00015@yopmail.com,Con1@Scatuser,CasPerfuser,Con1@Scatuser
cas_gc_perfuser00016@yopmail.com,Con1@Scatuser,CasPerfuser,Con1@Scatuser
cas_gc_perfuser00017@yopmail.com,Con1@Scatuser,CasPerfuser,Con1@Scatuser
cas_gc_perfuser00018@yopmail.com,Con1@Scatuser,CasPerfuser,Con1@Scatuser
cas_gc_perfuser00019@yopmail.com,Con1@Scatuser,CasPerfuser,Con1@Scatuser
cas_gc_perfuser00020@yopmail.com,Con1@Scatuser,CasPerfuser,Con1@Scatuser
cas_gc_perfuser00021@yopmail.com,Con1@Scatuser,CasPerfuser,Con1@Scatuser
cas_gc_perfuser00022@yopmail.com,Con1@Scatuser,CasPerfuser,Con1@Scatuser
cas_gc_perfuser00023@yopmail.com,Con1@Scatuser,CasPerfuser,Con1@Scatuser
cas_gc_perfuser00024@yopmail.com,Con1@Scatuser,CasPerfuser,Con1@Scatuser
cas_gc_perfuser00025@yopmail.com,Con1@Scatuser,CasPerfuser,Con1@Scatuser
cas_gc_perfuser00026@yopmail.com,Con1@Scatuser,CasPerfuser,Con1@Scatuser
cas_gc_perfuser00027@yopmail.com,Con1@Scatuser,CasPerfuser,Con1@Scatuser
cas_gc_perfuser00028@yopmail.com,Con1@Scatuser,CasPerfuser,Con1@Scatuser
cas_gc_perfuser00029@yopmail.com,Con1@Scatuser,CasPerfuser,Con1@Scatuser
cas_gc_perfuser00030@yopmail.com,Con1@Scatuser,CasPerfuser,Con1@Scatuser
cas_gc_perfuser00031@yopmail.com,Con1@Scatuser,CasPerfuser,Con1@Scatuser
cas_gc_perfuser00032@yopmail.com,Con1@Scatuser,CasPerfuser,Con1@Scatuser
cas_gc_perfuser00033@yopmail.com,Con1@Scatuser,CasPerfuser,Con1@Scatuser
cas_gc_perfuser00034@yopmail.com,Con1@Scatuser,CasPerfuser,Con1@Scatuser
cas_gc_perfuser00035@yopmail.com,Con1@Scatuser,CasPerfuser,Con1@Scatuser
cas_gc_perfuser00036@yopmail.com,Con1@Scatuser,CasPerfuser,Con1@Scatuser
cas_gc_perfuser00037@yopmail.com,Con1@Scatuser,CasPerfuser,Con1@Scatuser
cas_gc_perfuser00038@yopmail.com,Con1@Scatuser,CasPerfuser,Con1@Scatuser
cas_gc_perfuser00039@yopmail.com,Con1@Scatuser,CasPerfuser,Con1@Scatuser
cas_gc_perfuser00040@yopmail.com,Con1@Scatuser,CasPerfuser,Con1@Scatuser
cas_gc_perfuser00041@yopmail.com,Con1@Scatuser,CasPerfuser,Con1@Scatuser
cas_gc_perfuser00042@yopmail.com,Con1@Scatuser,CasPerfuser,Con1@Scatuser
cas_gc_perfuser00043@yopmail.com,Con1@Scatuser,CasPerfuser,Con1@Scatuser
cas_gc_perfuser00044@yopmail.com,Con1@Scatuser,CasPerfuser,Con1@Scatuser
cas_gc_perfuser00045@yopmail.com,Con1@Scatuser,CasPerfuser,Con1@Scatuser
cas_gc_perfuser00046@yopmail.com,Con1@Scatuser,CasPerfuser,Con1@Scatuser
cas_gc_perfuser00047@yopmail.com,Con1@Scatuser,CasPerfuser,Con1@Scatuser
cas_gc_perfuser00048@yopmail.com,Con1@Scatuser,CasPerfuser,Con1@Scatuser
cas_gc_perfuser00049@yopmail.com,Con1@Scatuser,CasPerfuser,Con1@Scatuser
cas_gc_perfuser00050@yopmail.com,Con1@Scatuser,CasPerfuser,Con1@Scatuser
cas_gc_perfuser00051@yopmail.com,Con1@Scatuser,CasPerfuser,Con1@Scatuser
cas_gc_perfuser00052@yopmail.com,Con1@Scatuser,CasPerfuser,Con1@Scatuser
cas_gc_perfuser00053@yopmail.com,Con1@Scatuser,CasPerfuser,Con1@Scatuser
cas_gc_perfuser00054@yopmail.com,Con1@Scatuser,CasPerfuser,Con1@Scatuser
cas_gc_perfuser00055@yopmail.com,Con1@Scatuser,CasPerfuser,Con1@Scatuser
cas_gc_perfuser00056@yopmail.com,Con1@Scatuser,CasPerfuser,Con1@Scatuser
cas_gc_perfuser00057@yopmail.com,Con1@Scatuser,CasPerfuser,Con1@Scatuser
cas_gc_perfuser00058@yopmail.com,Con1@Scatuser,CasPerfuser,Con1@Scatuser
cas_gc_perfuser00059@yopmail.com,Con1@Scatuser,CasPerfuser,Con1@Scatuser
cas_gc_perfuser00060@yopmail.com,Con1@Scatuser,CasPerfuser,Con1@Scatuser
cas_gc_perfuser00061@yopmail.com,Con1@Scatuser,CasPerfuser,Con1@Scatuser
cas_gc_perfuser00062@yopmail.com,Con1@Scatuser,CasPerfuser,Con1@Scatuser
cas_gc_perfuser00063@yopmail.com,Con1@Scatuser,CasPerfuser,Con1@Scatuser
cas_gc_perfuser00064@yopmail.com,Con1@Scatuser,CasPerfuser,Con1@Scatuser
cas_gc_perfuser00065@yopmail.com,Con1@Scatuser,CasPerfuser,Con1@Scatuser
cas_gc_perfuser00066@yopmail.com,Con1@Scatuser,CasPerfuser,Con1@Scatuser
cas_gc_perfuser00067@yopmail.com,Con1@Scatuser,CasPerfuser,Con1@Scatuser
cas_gc_perfuser00068@yopmail.com,Con1@Scatuser,CasPerfuser,Con1@Scatuser
cas_gc_perfuser00069@yopmail.com,Con1@Scatuser,CasPerfuser,Con1@Scatuser
cas_gc_perfuser00070@yopmail.com,Con1@Scatuser,CasPerfuser,Con1@Scatuser
cas_gc_perfuser00071@yopmail.com,Con1@Scatuser,CasPerfuser,Con1@Scatuser
cas_gc_perfuser00072@yopmail.com,Con1@Scatuser,CasPerfuser,Con1@Scatuser
cas_gc_perfuser00073@yopmail.com,Con1@Scatuser,CasPerfuser,Con1@Scatuser
cas_gc_perfuser00074@yopmail.com,Con1@Scatuser,CasPerfuser,Con1@Scatuser
cas_gc_perfuser00075@yopmail.com,Con1@Scatuser,CasPerfuser,Con1@Scatuser
cas_gc_perfuser00076@yopmail.com,Con1@Scatuser,CasPerfuser,Con1@Scatuser
cas_gc_perfuser00077@yopmail.com,Con1@Scatuser,CasPerfuser,Con1@Scatuser
cas_gc_perfuser00078@yopmail.com,Con1@Scatuser,CasPerfuser,Con1@Scatuser
cas_gc_perfuser00079@yopmail.com,Con1@Scatuser,CasPerfuser,Con1@Scatuser
cas_gc_perfuser00080@yopmail.com,Con1@Scatuser,CasPerfuser,Con1@Scatuser
cas_gc_perfuser00081@yopmail.com,Con1@Scatuser,CasPerfuser,Con1@Scatuser
cas_gc_perfuser00082@yopmail.com,Con1@Scatuser,CasPerfuser,Con1@Scatuser
cas_gc_perfuser00083@yopmail.com,Con1@Scatuser,CasPerfuser,Con1@Scatuser
cas_gc_perfuser00084@yopmail.com,Con1@Scatuser,CasPerfuser,Con1@Scatuser
cas_gc_perfuser00085@yopmail.com,Con1@Scatuser,CasPerfuser,Con1@Scatuser
cas_gc_perfuser00086@yopmail.com,Con1@Scatuser,CasPerfuser,Con1@Scatuser
cas_gc_perfuser00087@yopmail.com,Con1@Scatuser,CasPerfuser,Con1@Scatuser
cas_gc_perfuser00088@yopmail.com,Con1@Scatuser,CasPerfuser,Con1@Scatuser
cas_gc_perfuser00089@yopmail.com,Con1@Scatuser,CasPerfuser,Con1@Scatuser
cas_gc_perfuser00090@yopmail.com,Con1@Scatuser,CasPerfuser,Con1@Scatuser
cas_gc_perfuser00091@yopmail.com,Con1@Scatuser,CasPerfuser,Con1@Scatuser
cas_gc_perfuser00092@yopmail.com,Con1@Scatuser,CasPerfuser,Con1@Scatuser
cas_gc_perfuser00093@yopmail.com,Con1@Scatuser,CasPerfuser,Con1@Scatuser
cas_gc_perfuser00094@yopmail.com,Con1@Scatuser,CasPerfuser,Con1@Scatuser
cas_gc_perfuser00095@yopmail.com,Con1@Scatuser,CasPerfuser,Con1@Scatuser
cas_gc_perfuser00096@yopmail.com,Con1@Scatuser,CasPerfuser,Con1@Scatuser
cas_gc_perfuser00097@yopmail.com,Con1@Scatuser,CasPerfuser,Con1@Scatuser
cas_gc_perfuser00098@yopmail.com,Con1@Scatuser,CasPerfuser,Con1@Scatuser
cas_gc_perfuser00099@yopmail.com,Con1@Scatuser,CasPerfuser,Con1@Scatuser
cas_gc_perfuser00100@yopmail.com,Con1@Scatuser,CasPerfuser,Con1@Scatuser